Designator,Footprint,Quantity,Value,LCSC Part #
"C1, C11, C12, C13, C14, C2, C3, C4",C_0603_1608Metric,8,10uF,
"C10, C5, C6, C7, C8, C9",C_0603_1608Metric,6,C,
"J1, J4",PinHeader_1x02_P2.54mm_Vertical,2,IN0,
J2,PinHeader_1x02_P2.54mm_Vertical,1,IN1,
"J3, J5, J6, J7",PinHeader_1x05_P2.00mm_Vertical,4,IO,
"R1, R2, R3, R4",R_0603_1608Metric,4,R,
U1,AD4630-24BBCZ,1,AD4630-24BBCZ,
U2,SOT-89-3,1,AMS1117-1.8,
"U3, U4",TSSOP-20_4.4x6.5mm_P0.65mm,2,TXS0108EPW,
U6,LTC6655BHLS8-5-PBF,1,LTC6655,
